organization,location
org-1,location-1
org-2,location-1
org-3,location-1
org-4,location-1
org-5,location-1
org-6,location-2
org-7,location-3
org-8,location-3
org-9,location-1
org-10,location-4
org-11,location-1
org-12,location-3
org-13,location-5
org-14,location-6
org-15,location-7
org-16,location-7
org-17,location-3
org-18,location-3
org-19,location-5
org-20,location-8
org-21,location-1
org-22,location-1
org-19,location-8
org-23,location-1
org-24,location-7
org-25,location-1
org-26,location-1
org-27,location-1
org-28,location-1
org-29,location-1
org-28,location-3
org-30,location-7
org-31,location-7
org-32,location-1
org-19,location-9
org-33,location-9
org-34,location-1
org-35,location-1
org-36,location-1
org-37,location-1
org-38,location-10
org-38,location-11
org-39,location-1
org-40,location-12
org-41,location-1
org-42,location-5
org-43,location-6
org-44,location-13
org-44,location-12
org-45,location-1
org-46,location-14
org-47,location-3
org-48,location-3
org-49,location-7
org-50,location-8
org-40,location-13
org-51,location-7
org-52,location-1
org-53,location-1
org-54,location-15
org-55,location-1
org-56,location-1
org-57,location-6
org-58,location-12
org-59,location-11
org-60,location-8
org-61,location-3
org-62,location-8
org-63,location-6
org-64,location-16
org-65,location-2
org-66,location-1
org-67,location-1
org-68,location-5
org-69,location-3
org-28,location-13
org-70,location-12
org-71,location-1
org-72,location-6
org-73,location-6
org-74,location-1
org-75,location-17
org-76,location-1
org-77,location-9
org-78,location-6
org-79,location-1
org-80,location-6
org-81,location-3
org-82,location-3
org-83,location-6
org-84,location-1
org-85,location-3
org-86,location-8
org-87,location-8
org-88,location-18
#N/A,#N/A
org-90,location-1
org-91,location-1
org-92,location-5
org-93,location-3
org-94,location-1
org-95,location-10
org-96,location-1
org-97,location-1
org-98,location-3
org-99,location-1
org-100,location-1
org-101,location-1
org-102,location-19
org-100,location-20
org-103,location-5
org-104,location-1
org-105,location-9
org-106,location-21
org-107,location-6
org-108,location-22
org-109,location-3
org-110,location-1
org-111,location-1
org-112,location-14
org-113,location-14
org-114,location-9
org-115,location-7
org-116,location-12
org-117,location-23
org-118,location-3
org-119,location-3
org-120,location-3
org-121,location-7
org-7,location-24
org-122,location-6
org-123,location-1
org-124,location-5
org-84,location-19
org-125,location-3
org-126,location-1
org-127,location-3
org-128,location-3
org-21,location-3
org-129,location-1
org-130,location-1
org-131,location-6
org-132,location-1
org-133,location-1
org-134,location-12
org-135,location-16
org-136,location-6
org-137,location-8
org-138,location-3
org-139,location-1
org-140,location-12
org-141,location-9
org-142,location-1
org-143,location-3
org-144,location-12
org-145,location-1
org-146,location-3
org-113,location-16
org-12,location-13
org-105,location-20
org-147,location-3
org-148,location-9
org-149,location-1
org-150,location-3
org-151,location-19
org-152,location-1
org-153,location-1
org-154,location-3
org-155,location-1
org-156,location-1
org-157,location-1
org-158,location-7
org-159,location-2
org-160,location-16
org-161,location-9
org-117,location-2
org-162,location-8
org-86,location-9
org-163,location-6
org-161,location-8
org-164,location-1
org-165,location-1
org-166,location-6
org-167,location-9
org-168,location-3
org-169,location-3
org-170,location-3
org-171,location-7
org-172,location-1
org-173,location-1
org-174,location-1
org-175,location-5
org-176,location-1
org-177,location-22
org-178,location-8
org-179,location-2
org-180,location-1
org-181,location-1
org-182,location-19
org-20,location-3
org-112,location-16
org-183,location-6
org-184,location-1
org-185,location-1
org-186,location-1
org-187,location-19
org-188,location-13
org-189,location-3
org-190,location-8
org-191,location-7
org-168,location-8
org-192,location-7
org-71,location-3
org-193,location-25
org-194,location-25
org-195,location-1
org-196,location-8
org-197,location-22
org-198,location-12
org-199,location-20
org-200,location-6
org-201,location-6
org-202,location-7
org-203,location-6
org-195,location-24
org-12,location-5
org-204,location-2
org-205,location-3
org-206,location-24
org-207,location-1
org-208,location-9
org-209,location-1
org-126,location-8
org-210,location-20
org-211,location-2
org-141,location-20
org-212,location-8
org-213,location-12
org-214,location-1
org-215,location-26
org-216,location-15
org-217,location-27
org-218,location-8
org-34,location-28
org-187,location-29
org-219,location-1
org-53,location-3
org-220,location-3
org-221,location-1
org-12,location-24
org-222,location-3
org-223,location-6
org-169,location-1
org-201,location-13
org-224,location-14
org-225,location-12
org-226,location-1
org-227,location-1
org-228,location-14
org-185,location-3
org-229,location-5
org-230,location-30
org-162,location-1
org-231,location-12
org-232,location-3
org-233,location-3
org-234,location-31
org-235,location-32
org-236,location-1
org-28,location-20
org-237,location-3
org-238,location-33
org-187,location-1
org-239,location-3
org-240,location-9
org-241,location-1
org-242,location-2
org-243,location-22
org-244,location-1
org-245,location-34
org-246,location-1
org-247,location-35
org-59,location-36
org-248,location-1
org-249,location-1
org-250,location-12
org-251,location-34
org-252,location-1
org-253,location-3
org-254,location-12
org-35,location-8
org-255,location-1
org-201,location-9
org-60,location-1
org-76,location-3
org-256,location-19
org-38,location-18
org-257,location-1
org-258,location-37
org-259,location-38
org-260,location-3
org-261,location-1
org-185,location-24
org-262,location-3
org-263,location-16
org-264,location-9
org-265,location-4
org-266,location-24
org-162,location-34
org-230,location-2
org-201,location-1
org-267,location-8
org-268,location-31
org-144,location-13
org-256,location-1
org-269,location-1
org-210,location-8
org-270,location-9
org-271,location-1
org-272,location-3
org-273,location-2
org-274,location-24
org-275,location-3
org-276,location-34
org-151,location-39
org-210,location-9
org-106,location-40
org-277,location-3
org-91,location-3
org-278,location-8
org-279,location-19
org-144,location-3
org-280,location-16
org-281,location-4
org-282,location-3
org-283,location-3
org-284,location-3
org-28,location-12
org-92,location-1
org-285,location-3
org-7,location-1
org-286,location-24
org-287,location-3
org-246,location-3
org-288,location-27
org-289,location-22
org-290,location-4
org-291,location-1
org-292,location-32
org-278,location-1
org-293,location-4
org-294,location-1
org-295,location-1
org-296,location-24
org-257,location-5
org-297,location-1
org-298,location-5
org-299,location-16
org-300,location-3
org-4,location-3
org-301,location-2
org-302,location-1
org-105,location-24
org-161,location-19
org-303,location-16
org-184,location-41
org-134,location-13
org-304,location-42
org-305,location-29
org-306,location-1
org-307,location-1
org-50,location-1
org-308,location-6
org-309,location-43
org-182,location-3
org-310,location-3
org-311,location-6
org-312,location-44
org-313,location-8
org-314,location-1
org-315,location-1
org-316,location-9
org-56,location-19
org-317,location-1
org-318,location-1
org-319,location-3
org-320,location-31
org-321,location-1
org-322,location-3
org-323,location-2
org-324,location-5
org-86,location-1
org-325,location-3
org-272,location-12
org-188,location-12
org-196,location-7
org-326,location-5
org-327,location-6
org-328,location-12
org-329,location-1
org-330,location-19
org-331,location-6
org-332,location-9
org-210,location-24
org-207,location-20
org-333,location-44
org-334,location-8
org-335,location-1
org-336,location-25
org-191,location-20
org-56,location-5
org-178,location-1
org-337,location-6
org-338,location-41
org-339,location-45
org-340,location-46
org-94,location-8
org-249,location-21
org-341,location-1
org-342,location-3
org-212,location-1
org-343,location-6
org-344,location-25
org-97,location-3
org-345,location-22
org-346,location-21
org-347,location-21
org-348,location-1
org-349,location-8
org-350,location-1
org-351,location-16
org-248,location-8
org-352,location-47
org-353,location-9
org-354,location-1
org-355,location-5
org-356,location-5
org-357,location-13
org-358,location-42
org-359,location-1
org-241,location-8
org-360,location-8
org-361,location-17
org-362,location-29
org-363,location-1
org-364,location-3
org-267,location-5
org-106,location-48
org-365,location-1
org-366,location-1
org-367,location-2
org-135,location-14
org-221,location-49
org-368,location-5
org-369,location-1
org-370,location-2
org-371,location-16
org-372,location-13
org-373,location-2
org-374,location-8
org-375,location-8
org-376,location-9
org-377,location-13
org-378,location-13
org-379,location-5
org-380,location-3
org-381,location-3
org-182,location-1
org-382,location-1
org-383,location-8
org-384,location-3
org-26,location-21
org-100,location-13
org-385,location-2
org-386,location-16
org-387,location-16
org-388,location-7
org-161,location-50
org-389,location-9
org-390,location-51
org-20,location-1
org-391,location-1
org-392,location-31
org-393,location-16
org-219,location-8
org-394,location-1
org-395,location-19
org-55,location-3
org-184,location-8
org-396,location-1
org-397,location-22
org-398,location-27
org-199,location-1
org-375,location-1
org-399,location-16
org-400,location-1
org-401,location-5
org-174,location-3
org-402,location-1
org-403,location-3
org-207,location-42
org-404,location-36
org-267,location-35
org-315,location-8
org-274,location-1
org-405,location-36
org-406,location-51
org-38,location-36
org-407,location-19
org-408,location-5
org-19,location-19
org-409,location-3
org-410,location-1
org-411,location-9
org-412,location-1
org-413,location-1
org-414,location-13
org-195,location-3
org-12,location-52
org-415,location-1
org-416,location-1
org-417,location-8
org-418,location-1
org-419,location-19
org-420,location-19
org-421,location-1
org-422,location-18
org-338,location-12
org-423,location-53
org-424,location-1
org-95,location-18
org-77,location-20
org-425,location-6
org-426,location-3
org-151,location-1
org-372,location-12
org-427,location-3
org-214,location-5
org-428,location-44
org-277,location-8
org-429,location-16
org-430,location-22
org-258,location-1
org-431,location-3
org-104,location-3
org-432,location-24
org-433,location-1
org-174,location-8
org-434,location-1
org-435,location-1
org-436,location-1
org-394,location-20
org-437,location-54
org-438,location-8
org-362,location-6
org-19,location-20
org-12,location-1
org-439,location-1
org-394,location-8
org-440,location-25
org-366,location-5
org-441,location-3
org-442,location-40
org-404,location-11
org-443,location-10
org-178,location-55
org-444,location-12
org-445,location-2
org-186,location-3
org-56,location-3
org-71,location-6
org-28,location-6
org-446,location-1
org-447,location-9
org-448,location-56
org-419,location-8
org-449,location-49
org-450,location-6
org-258,location-8
org-451,location-19
org-7,location-52
org-452,location-1
org-453,location-51
org-178,location-9
org-454,location-3
org-455,location-12
org-206,location-3
org-456,location-1
org-456,location-57
org-457,location-19
org-396,location-46
org-414,location-12
org-458,location-58
org-459,location-59
org-460,location-1
org-86,location-60
org-461,location-61
org-462,location-1
org-303,location-14
org-249,location-20
org-463,location-20
org-448,location-8
org-464,location-61
org-465,location-12
org-466,location-37
org-467,location-1
org-468,location-12
org-469,location-12
org-470,location-62
org-471,location-8
org-229,location-1
org-472,location-1
org-473,location-3
org-106,location-1
org-141,location-5
org-474,location-46
org-366,location-12
org-475,location-1
org-474,location-1
org-476,location-12
org-477,location-2
org-153,location-12
org-34,location-3
org-478,location-12
org-439,location-3
org-479,location-63
org-316,location-24
org-480,location-16
org-481,location-6
org-99,location-3
org-280,location-14
org-482,location-2
org-297,location-64
org-483,location-46
org-484,location-1
org-67,location-65
org-456,location-8
org-485,location-8
org-456,location-24
org-219,location-55
org-14,location-61
org-404,location-10
org-486,location-10
org-487,location-6
org-409,location-12
org-484,location-3
org-151,location-66
org-297,location-3
org-34,location-52
org-488,location-10
org-489,location-2
org-490,location-32
org-491,location-12
org-492,location-39
org-493,location-3
org-494,location-3
org-495,location-34
org-141,location-1
org-185,location-52